INSERT INTO child_group (childgroup_id, name) VALUES (1001, 'aakkoset');
INSERT INTO child_group (childgroup_id, name) VALUES (1002, 'beekkoset');
INSERT INTO child_group (childgroup_id, name) VALUES (1003, 'ceekkoset');
INSERT INTO child_group (childgroup_id, name) VALUES (1004, 'deekkoset');

INSERT INTO child (child_id, birthday, first_name, childgroup_id, present) VALUES (10001, null, 'Antero', 1001, false );
INSERT INTO child (child_id, birthday, first_name, childgroup_id, present) VALUES (10002, null, 'Benjamin', 1001, false );
INSERT INTO child (child_id, birthday, first_name, childgroup_id, present) VALUES (10003, null, 'Charlie', 1001, false );
INSERT INTO child (child_id, birthday, first_name, childgroup_id, present) VALUES (10004, null, 'Daniel', 1001, false );
INSERT INTO child (child_id, birthday, first_name, childgroup_id, present) VALUES (10005, null, 'Eemeli', 1001, false );
INSERT INTO child (child_id, birthday, first_name, childgroup_id, present) VALUES (10006, null, 'Figaro', 1001, false );
INSERT INTO child (child_id, birthday, first_name, childgroup_id, present) VALUES (10007, null, 'Guido', 1001, false );
INSERT INTO child (child_id, birthday, first_name, childgroup_id, present) VALUES (10008, null, 'Heikki', 1001, false );
INSERT INTO child (child_id, birthday, first_name, childgroup_id, present) VALUES (10009, null, 'Iivari', 1001, false );
INSERT INTO child (child_id, birthday, first_name, childgroup_id, present) VALUES (10010, null, 'Jalmari', 1001, false );
INSERT INTO child (child_id, birthday, first_name, childgroup_id, present) VALUES (10011, null, 'Keijo', 1002, false );
INSERT INTO child (child_id, birthday, first_name, childgroup_id, present) VALUES (10012, null, 'Lauri', 1002, false );
INSERT INTO child (child_id, birthday, first_name, childgroup_id, present) VALUES (10013, null, 'Makke', 1002, false );
INSERT INTO child (child_id, birthday, first_name, childgroup_id, present) VALUES (10014, null, 'Niko', 1002, false );
INSERT INTO child (child_id, birthday, first_name, childgroup_id, present) VALUES (10015, null, 'Oliver', 1002, false );
INSERT INTO child (child_id, birthday, first_name, childgroup_id, present) VALUES (10016, null, 'Pekka', 1002, false );
INSERT INTO child (child_id, birthday, first_name, childgroup_id, present) VALUES (10017, null, 'Quasimodo', 1002, false );
INSERT INTO child (child_id, birthday, first_name, childgroup_id, present) VALUES (10018, null, 'Risto', 1002, false );
INSERT INTO child (child_id, birthday, first_name, childgroup_id, present) VALUES (10019, null, 'Simo', 1002, false );
INSERT INTO child (child_id, birthday, first_name, childgroup_id, present) VALUES (10020, null, 'Tommi', 1002, false );
INSERT INTO child (child_id, birthday, first_name, childgroup_id, present) VALUES (10021, null, 'Uolevi', 1003, false );
INSERT INTO child (child_id, birthday, first_name, childgroup_id, present) VALUES (10022, null, 'Vilho', 1003, false );
INSERT INTO child (child_id, birthday, first_name, childgroup_id, present) VALUES (10023, null, 'Waltteri', 1003, false );
INSERT INTO child (child_id, birthday, first_name, childgroup_id, present) VALUES (10024, null, 'Xander', 1003, false );
INSERT INTO child (child_id, birthday, first_name, childgroup_id, present) VALUES (10025, null, 'Yrjö', 1003, false );
INSERT INTO child (child_id, birthday, first_name, childgroup_id, present) VALUES (10026, null, 'Aatami', 1003, false );
INSERT INTO child (child_id, birthday, first_name, childgroup_id, present) VALUES (10027, null, 'Mikko', 1003, false );
INSERT INTO child (child_id, birthday, first_name, childgroup_id, present) VALUES (10028, null, 'Nikke', 1003, false );
INSERT INTO child (child_id, birthday, first_name, childgroup_id, present) VALUES (10029, null, 'Masa', 1003, false );
INSERT INTO child (child_id, birthday, first_name, childgroup_id, present) VALUES (10030, null, 'Samu', 1003, false );
INSERT INTO child (child_id, birthday, first_name, childgroup_id, present) VALUES (10031, null, 'Joni', 1004, false );
INSERT INTO child (child_id, birthday, first_name, childgroup_id, present) VALUES (10032, null, 'Toni', 1004, false );
INSERT INTO child (child_id, birthday, first_name, childgroup_id, present) VALUES (10033, null, 'Antti', 1004, false );
INSERT INTO child (child_id, birthday, first_name, childgroup_id, present) VALUES (10034, null, 'Tuomas', 1004, false );
INSERT INTO child (child_id, birthday, first_name, childgroup_id, present) VALUES (10035, null, 'Simeon', 1004, false );
INSERT INTO child (child_id, birthday, first_name, childgroup_id, present) VALUES (10036, null, 'Ville', 1004, false );
INSERT INTO child (child_id, birthday, first_name, childgroup_id, present) VALUES (10037, null, 'Jussi', 1004, false );
INSERT INTO child (child_id, birthday, first_name, childgroup_id, present) VALUES (10038, null, 'Touko', 1004, false );
INSERT INTO child (child_id, birthday, first_name, childgroup_id, present) VALUES (10039, null, 'Juho', 1004, false );
INSERT INTO child (child_id, birthday, first_name, childgroup_id, present) VALUES (10040, null, 'Aki', 1004, false );

INSERT INTO teacher (teacher_id, name) VALUES (1001, 'Aune');
INSERT INTO teacher (teacher_id, name) VALUES (1002, 'Brita');
INSERT INTO teacher (teacher_id, name) VALUES (1003, 'Carita');
INSERT INTO teacher (teacher_id, name) VALUES (1004, 'Daniela');
INSERT INTO teacher (teacher_id, name) VALUES (1005, 'Eeva');
INSERT INTO teacher (teacher_id, name) VALUES (1006, 'Gisela');
INSERT INTO teacher (teacher_id, name) VALUES (1007, 'Hilma');
INSERT INTO teacher (teacher_id, name) VALUES (1008, 'Iisa');
INSERT INTO teacher (teacher_id, name) VALUES (1009, 'Julia');
INSERT INTO teacher (teacher_id, name) VALUES (1010, 'Kaija');

INSERT INTO teacher_childgroup (teacher_id, childgroup_id) VALUES (1001, 1001);
INSERT INTO teacher_childgroup (teacher_id, childgroup_id) VALUES (1002, 1002);
INSERT INTO teacher_childgroup (teacher_id, childgroup_id) VALUES (1003, 1003);
INSERT INTO teacher_childgroup (teacher_id, childgroup_id) VALUES (1004, 1004);
INSERT INTO teacher_childgroup (teacher_id, childgroup_id) VALUES (1005, 1001);
INSERT INTO teacher_childgroup (teacher_id, childgroup_id) VALUES (1006, 1002);
INSERT INTO teacher_childgroup (teacher_id, childgroup_id) VALUES (1007, 1003);
INSERT INTO teacher_childgroup (teacher_id, childgroup_id) VALUES (1008, 1004);
INSERT INTO teacher_childgroup (teacher_id, childgroup_id) VALUES (1009, 1001);
INSERT INTO teacher_childgroup (teacher_id, childgroup_id) VALUES (1010, 1002);


