INSERT INTO childminder.child_group (child_group_id, name) VALUES (1001, 'aakkoset');
INSERT INTO childminder.child_group (child_group_id, name) VALUES (1002, 'beekkoset');
INSERT INTO childminder.child_group (child_group_id, name) VALUES (1003, 'ceekkoset');
INSERT INTO childminder.child_group (child_group_id, name) VALUES (1004, 'deekkoset');

INSERT INTO childminder.child (child_id, birthday, first_name, child_group_id, present) VALUES (10001, null, 'Antero', 1001, false );
INSERT INTO childminder.child (child_id, birthday, first_name, child_group_id, present) VALUES (10002, null, 'Benjamin', 1001, false );
INSERT INTO childminder.child (child_id, birthday, first_name, child_group_id, present) VALUES (10003, null, 'Charlie', 1001, false );
INSERT INTO childminder.child (child_id, birthday, first_name, child_group_id, present) VALUES (10004, null, 'Daniel', 1001, false );
INSERT INTO childminder.child (child_id, birthday, first_name, child_group_id, present) VALUES (10005, null, 'Eemeli', 1001, false );
INSERT INTO childminder.child (child_id, birthday, first_name, child_group_id, present) VALUES (10006, null, 'Figaro', 1001, false );
INSERT INTO childminder.child (child_id, birthday, first_name, child_group_id, present) VALUES (10007, null, 'Guido', 1001, false );
INSERT INTO childminder.child (child_id, birthday, first_name, child_group_id, present) VALUES (10008, null, 'Heikki', 1001, false );
INSERT INTO childminder.child (child_id, birthday, first_name, child_group_id, present) VALUES (10009, null, 'Iivari', 1001, false );
INSERT INTO childminder.child (child_id, birthday, first_name, child_group_id, present) VALUES (10010, null, 'Jalmari', 1001, false );
INSERT INTO childminder.child (child_id, birthday, first_name, child_group_id, present) VALUES (10011, null, 'Keijo', 1002, false );
INSERT INTO childminder.child (child_id, birthday, first_name, child_group_id, present) VALUES (10012, null, 'Lauri', 1002, false );
INSERT INTO childminder.child (child_id, birthday, first_name, child_group_id, present) VALUES (10013, null, 'Makke', 1002, false );
INSERT INTO childminder.child (child_id, birthday, first_name, child_group_id, present) VALUES (10014, null, 'Niko', 1002, false );
INSERT INTO childminder.child (child_id, birthday, first_name, child_group_id, present) VALUES (10015, null, 'Oliver', 1002, false );
INSERT INTO childminder.child (child_id, birthday, first_name, child_group_id, present) VALUES (10016, null, 'Pekka', 1002, false );
INSERT INTO childminder.child (child_id, birthday, first_name, child_group_id, present) VALUES (10017, null, 'Quasimodo', 1002, false );
INSERT INTO childminder.child (child_id, birthday, first_name, child_group_id, present) VALUES (10018, null, 'Risto', 1002, false );
INSERT INTO childminder.child (child_id, birthday, first_name, child_group_id, present) VALUES (10019, null, 'Simo', 1002, false );
INSERT INTO childminder.child (child_id, birthday, first_name, child_group_id, present) VALUES (10020, null, 'Tommi', 1002, false );
INSERT INTO childminder.child (child_id, birthday, first_name, child_group_id, present) VALUES (10021, null, 'Uolevi', 1003, false );
INSERT INTO childminder.child (child_id, birthday, first_name, child_group_id, present) VALUES (10022, null, 'Vilho', 1003, false );
INSERT INTO childminder.child (child_id, birthday, first_name, child_group_id, present) VALUES (10023, null, 'Waltteri', 1003, false );
INSERT INTO childminder.child (child_id, birthday, first_name, child_group_id, present) VALUES (10024, null, 'Xander', 1003, false );
INSERT INTO childminder.child (child_id, birthday, first_name, child_group_id, present) VALUES (10025, null, 'Yrjö', 1003, false );
INSERT INTO childminder.child (child_id, birthday, first_name, child_group_id, present) VALUES (10026, null, 'Aatami', 1003, false );
INSERT INTO childminder.child (child_id, birthday, first_name, child_group_id, present) VALUES (10027, null, 'Mikko', 1003, false );
INSERT INTO childminder.child (child_id, birthday, first_name, child_group_id, present) VALUES (10028, null, 'Nikke', 1003, false );
INSERT INTO childminder.child (child_id, birthday, first_name, child_group_id, present) VALUES (10029, null, 'Masa', 1003, false );
INSERT INTO childminder.child (child_id, birthday, first_name, child_group_id, present) VALUES (10030, null, 'Samu', 1003, false );
INSERT INTO childminder.child (child_id, birthday, first_name, child_group_id, present) VALUES (10031, null, 'Joni', 1004, false );
INSERT INTO childminder.child (child_id, birthday, first_name, child_group_id, present) VALUES (10032, null, 'Toni', 1004, false );
INSERT INTO childminder.child (child_id, birthday, first_name, child_group_id, present) VALUES (10033, null, 'Antti', 1004, false );
INSERT INTO childminder.child (child_id, birthday, first_name, child_group_id, present) VALUES (10034, null, 'Tuomas', 1004, false );
INSERT INTO childminder.child (child_id, birthday, first_name, child_group_id, present) VALUES (10035, null, 'Simeon', 1004, false );
INSERT INTO childminder.child (child_id, birthday, first_name, child_group_id, present) VALUES (10036, null, 'Ville', 1004, false );
INSERT INTO childminder.child (child_id, birthday, first_name, child_group_id, present) VALUES (10037, null, 'Jussi', 1004, false );
INSERT INTO childminder.child (child_id, birthday, first_name, child_group_id, present) VALUES (10038, null, 'Touko', 1004, false );
INSERT INTO childminder.child (child_id, birthday, first_name, child_group_id, present) VALUES (10039, null, 'Juho', 1004, false );
INSERT INTO childminder.child (child_id, birthday, first_name, child_group_id, present) VALUES (10040, null, 'Aki', 1004, false );

INSERT INTO childminder.teacher (teacher_id, name) VALUES (1001, 'Aune');
INSERT INTO childminder.teacher (teacher_id, name) VALUES (1002, 'Brita');
INSERT INTO childminder.teacher (teacher_id, name) VALUES (1003, 'Carita');
INSERT INTO childminder.teacher (teacher_id, name) VALUES (1004, 'Daniela');
INSERT INTO childminder.teacher (teacher_id, name) VALUES (1005, 'Eeva');
INSERT INTO childminder.teacher (teacher_id, name) VALUES (1006, 'Gisela');
INSERT INTO childminder.teacher (teacher_id, name) VALUES (1007, 'Hilma');
INSERT INTO childminder.teacher (teacher_id, name) VALUES (1008, 'Iisa');
INSERT INTO childminder.teacher (teacher_id, name) VALUES (1009, 'Julia');
INSERT INTO childminder.teacher (teacher_id, name) VALUES (1010, 'Kaija');

INSERT INTO childminder.teacher_child_group (teacher_id, child_group_id) VALUES (1001, 1001);
INSERT INTO childminder.teacher_child_group (teacher_id, child_group_id) VALUES (1002, 1002);
INSERT INTO childminder.teacher_child_group (teacher_id, child_group_id) VALUES (1003, 1003);
INSERT INTO childminder.teacher_child_group (teacher_id, child_group_id) VALUES (1004, 1004);
INSERT INTO childminder.teacher_child_group (teacher_id, child_group_id) VALUES (1005, 1001);
INSERT INTO childminder.teacher_child_group (teacher_id, child_group_id) VALUES (1006, 1002);
INSERT INTO childminder.teacher_child_group (teacher_id, child_group_id) VALUES (1007, 1003);
INSERT INTO childminder.teacher_child_group (teacher_id, child_group_id) VALUES (1008, 1004);
INSERT INTO childminder.teacher_child_group (teacher_id, child_group_id) VALUES (1009, 1001);
INSERT INTO childminder.teacher_child_group (teacher_id, child_group_id) VALUES (1010, 1002);

INSERT INTO childminder.child_schedule (schedule_id, date, child_id, arrive, departure) VALUES (1001, '2019-09-23', 10001, '09:10:00', '13:10:00');
INSERT INTO childminder.child_schedule (schedule_id, date, child_id, arrive, departure) VALUES (1002, '2019-09-24', 10001, '09:10:00', '13:10:00');
INSERT INTO childminder.child_schedule (schedule_id, date, child_id, arrive, departure) VALUES (1003, '2019-09-25', 10001, '09:10:00', '13:10:00');
INSERT INTO childminder.child_schedule (schedule_id, date, child_id, arrive, departure) VALUES (1004, '2019-09-26', 10001, '09:10:00', '13:10:00');
INSERT INTO childminder.child_schedule (schedule_id, date, child_id, arrive, departure) VALUES (1005, '2019-09-27', 10001, '09:10:00', '13:10:00');
INSERT INTO childminder.child_schedule (schedule_id, date, child_id, arrive, departure) VALUES (1006, '2019-09-23', 10002, '09:10:00', '13:10:00');
INSERT INTO childminder.child_schedule (schedule_id, date, child_id, arrive, departure) VALUES (1007, '2019-09-24', 10002, '09:10:00', '13:10:00');
INSERT INTO childminder.child_schedule (schedule_id, date, child_id, arrive, departure) VALUES (1008, '2019-09-25', 10002, '09:10:00', '13:10:00');
INSERT INTO childminder.child_schedule (schedule_id, date, child_id, arrive, departure) VALUES (1009, '2019-09-26', 10002, '09:10:00', '13:10:00');
INSERT INTO childminder.child_schedule (schedule_id, date, child_id, arrive, departure) VALUES (1010, '2019-09-27', 10002, '09:10:00', '13:10:00');
INSERT INTO childminder.child_schedule (schedule_id, date, child_id, arrive, departure) VALUES (1011, '2019-09-23', 10003, '09:10:00', '13:10:00');
INSERT INTO childminder.child_schedule (schedule_id, date, child_id, arrive, departure) VALUES (1012, '2019-09-24', 10003, '09:10:00', '13:10:00');
INSERT INTO childminder.child_schedule (schedule_id, date, child_id, arrive, departure) VALUES (1013, '2019-09-25', 10003, '09:10:00', '13:10:00');
INSERT INTO childminder.child_schedule (schedule_id, date, child_id, arrive, departure) VALUES (1014, '2019-09-26', 10003, '09:10:00', '13:10:00');
INSERT INTO childminder.child_schedule (schedule_id, date, child_id, arrive, departure) VALUES (1015, '2019-09-27', 10003, '09:10:00', '13:10:00');
INSERT INTO childminder.child_schedule (schedule_id, date, child_id, arrive, departure) VALUES (1016, '2019-09-23', 10004, '09:10:00', '13:10:00');
INSERT INTO childminder.child_schedule (schedule_id, date, child_id, arrive, departure) VALUES (1017, '2019-09-24', 10004, '09:10:00', '13:10:00');
INSERT INTO childminder.child_schedule (schedule_id, date, child_id, arrive, departure) VALUES (1018, '2019-09-25', 10004, '09:10:00', '13:10:00');
INSERT INTO childminder.child_schedule (schedule_id, date, child_id, arrive, departure) VALUES (1019, '2019-09-26', 10004, '09:10:00', '13:10:00');;
INSERT INTO childminder.child_schedule (schedule_id, date, child_id, arrive, departure) VALUES (1020, '2019-09-27', 10004, '09:10:00', '13:10:00');
INSERT INTO childminder.child_schedule (schedule_id, date, child_id, arrive, departure) VALUES (1021, '2019-09-23', 10005, '09:10:00', '13:10:00');
INSERT INTO childminder.child_schedule (schedule_id, date, child_id, arrive, departure) VALUES (1022, '2019-09-24', 10005, '09:10:00', '13:10:00');
INSERT INTO childminder.child_schedule (schedule_id, date, child_id, arrive, departure) VALUES (1023, '2019-09-25', 10005, '09:10:00', '13:10:00');
INSERT INTO childminder.child_schedule (schedule_id, date, child_id, arrive, departure) VALUES (1024, '2019-09-26', 10005, '09:10:00', '13:10:00');
INSERT INTO childminder.child_schedule (schedule_id, date, child_id, arrive, departure) VALUES (1025, '2019-09-27', 10005, '09:10:00', '13:10:00');
